closingPrice,maxPrice,minPrice,openingPrice,periodEndTime,periodNumber,periodStartTime,symbol,symbolID
133.991,20.0288,19.6713,134.882,00:00:19,1,00:00:00,cpgx,2
133.793,19.994,19.7309,134.041,00:00:39,2,00:00:20,cpgx,2
133.882,20.0089,19.7706,133.888,00:00:59,3,00:00:40,cpgx,2
133.882,19.8004,19.6415,133.803,00:01:19,4,00:01:00,cpgx,2
133.239,19.7706,19.6316,133.958,00:01:39,5,00:01:20,cpgx,2
133.407,19.8004,19.6614,133.239,00:01:59,6,00:01:40,cpgx,2
133.308,19.86,19.7309,133.387,00:02:19,7,00:02:00,cpgx,2
133.199,19.8004,19.6514,133.288,00:02:39,8,00:02:20,cpgx,2
133.338,19.9146,19.721,133.179,00:02:59,9,00:02:40,cpgx,2
133.516,19.9891,19.86,133.231,00:03:19,10,00:03:00,cpgx,2
133.902,19.8898,19.8203,133.556,00:03:39,11,00:03:20,cpgx,2
134.213,19.86,19.7805,134.011,00:03:59,12,00:03:40,cpgx,2
133.961,20.0189,19.8798,134.09,00:04:19,13,00:04:00,cpgx,2
133.732,20.0486,19.9493,133.937,00:04:39,14,00:04:20,cpgx,2
133.922,20.0586,19.9791,133.852,00:04:59,15,00:04:40,cpgx,2
133.575,20.0288,19.9295,133.862,00:05:19,16,00:05:00,cpgx,2
133.526,20.0288,19.9503,133.546,00:05:39,17,00:05:20,cpgx,2
133.249,20.0189,19.9096,133.467,00:05:59,18,00:05:40,cpgx,2
134.199,20.0586,19.8699,133.328,00:06:19,19,00:06:00,cpgx,2
134.941,20.1082,19.9398,134.318,00:06:39,20,00:06:20,cpgx,2
134.664,19.999,19.8103,134.743,00:06:59,21,00:06:40,cpgx,2
134.645,19.9493,19.8203,134.724,00:07:19,22,00:07:00,cpgx,2
134.178,19.8898,19.8004,134.546,00:07:39,23,00:07:20,cpgx,2
134.425,19.9593,19.8103,134.209,00:07:59,24,00:07:40,cpgx,2
134.031,19.86,19.7954,134.466,00:08:19,25,00:08:00,cpgx,2
133.991,19.86,19.8004,133.833,00:08:39,26,00:08:20,cpgx,2
133.942,19.8401,19.7706,133.917,00:08:59,27,00:08:40,cpgx,2
133.504,19.8302,19.721,134.013,00:09:19,28,00:09:00,cpgx,2
133.764,19.7805,19.6961,133.595,00:09:39,29,00:09:20,cpgx,2
133.952,19.7905,19.7507,133.823,00:09:59,30,00:09:40,cpgx,2
133.902,19.8103,19.7458,134.051,00:10:19,31,00:10:00,cpgx,2
133.954,19.7706,19.711,133.902,00:10:39,32,00:10:20,cpgx,2
134.348,19.86,19.7607,133.971,00:10:59,33,00:10:40,cpgx,2
134.456,19.9196,19.8451,134.318,00:11:19,34,00:11:00,cpgx,2
134.199,19.9692,19.9096,134.496,00:11:39,35,00:11:20,cpgx,2
134.249,19.9891,19.9295,134.292,00:11:59,36,00:11:40,cpgx,2
134.229,19.9096,19.8451,134.288,00:12:19,37,00:12:00,cpgx,2
134.308,20.0189,19.8302,134.189,00:12:39,38,00:12:20,cpgx,2
134.348,20.0189,19.7408,134.328,00:12:59,39,00:12:40,cpgx,2
133.179,19.8302,19.7011,133.021,00:13:19,40,00:13:00,cpgx,2
133.249,19.8004,19.6713,133.209,00:13:39,41,00:13:20,cpgx,2
133.704,19.711,19.6514,133.432,00:13:59,42,00:13:40,cpgx,2
133.467,19.6812,19.4926,133.773,00:14:19,43,00:14:00,cpgx,2
133.648,19.5869,19.4231,133.427,00:14:39,44,00:14:20,cpgx,2
133.787,19.6217,19.5224,133.674,00:14:59,45,00:14:40,cpgx,2
133.773,19.5621,19.4926,133.843,00:15:19,46,00:15:00,cpgx,2
133.476,19.5323,19.4032,133.833,00:15:39,47,00:15:20,cpgx,2
133.753,19.428,19.3635,133.526,00:15:59,48,00:15:40,cpgx,2
133.922,19.3771,19.294,133.803,00:16:19,49,00:16:00,cpgx,2
133.872,19.284,19.2592,133.922,00:16:39,50,00:16:20,cpgx,2
133.922,19.3635,19.284,133.833,00:16:59,51,00:16:40,cpgx,2
133.772,19.3535,19.294,133.899,00:17:19,52,00:17:00,cpgx,2
133.635,19.3437,19.289,133.694,00:17:39,53,00:17:20,cpgx,2
133.872,19.3436,19.1587,133.825,00:17:59,54,00:17:40,cpgx,2
133.357,19.145,19.0308,133.912,00:18:19,55,00:18:00,cpgx,2
133.12,19.0556,18.9961,133.239,00:18:39,56,00:18:20,cpgx,2
133.516,19.1649,19.006,133.151,00:18:59,57,00:18:40,cpgx,2
133.566,19.1847,18.6585,133.467,00:19:19,58,00:19:00,cpgx,2
133.009,18.7577,18.4499,133.635,00:19:39,59,00:19:20,cpgx,2
133.15,18.7577,18.4698,132.981,00:19:59,60,00:19:40,cpgx,2
133.13,18.6287,18.4499,133.219,00:20:19,61,00:20:00,cpgx,2
133.209,18.7776,18.6103,133.219,00:20:39,62,00:20:20,cpgx,2
133.585,18.867,18.6088,133.209,00:20:59,63,00:20:40,cpgx,2
133.427,18.728,18.6089,133.496,00:21:19,64,00:21:00,cpgx,2
133.268,18.7081,18.6187,133.278,00:21:39,65,00:21:20,cpgx,2
132.796,18.6784,18.6187,133.189,00:21:59,66,00:21:40,cpgx,2
132.546,18.6783,18.5889,132.793,00:22:19,67,00:22:00,cpgx,2
132.486,18.6585,18.4896,132.516,00:22:39,68,00:22:20,cpgx,2
132.374,18.5889,18.4797,132.506,00:22:59,69,00:22:40,cpgx,2
131.784,18.5362,18.4599,132.298,00:23:19,70,00:23:00,cpgx,2
131.14,18.4896,18.4301,131.754,00:23:39,71,00:23:20,cpgx,2
131.388,18.4946,18.4201,131.269,00:23:59,72,00:23:40,cpgx,2
131.551,18.4648,18.4102,131.417,00:24:19,73,00:24:00,cpgx,2
131.466,18.7379,18.4102,131.635,00:24:39,74,00:24:20,cpgx,2
131.488,18.6783,18.2116,131.605,00:24:59,75,00:24:40,cpgx,2
131.417,18.4003,18.1818,131.408,00:25:19,76,00:25:00,cpgx,2
131.704,18.2811,18.152,131.507,00:25:39,77,00:25:20,cpgx,2
131.338,18.4599,18.2215,131.694,00:25:59,78,00:25:40,cpgx,2
131.507,18.579,18.3109,131.833,00:26:19,79,00:26:00,cpgx,2
131.15,18.44,18.291,131.368,00:26:39,80,00:26:20,cpgx,2
131.777,18.5095,18.3903,131.051,00:26:59,81,00:26:40,cpgx,2
131.922,18.5393,18.3706,131.734,00:27:19,82,00:27:00,cpgx,2
131.645,18.435,18.3506,131.942,00:27:39,83,00:27:20,cpgx,2
131.219,18.3903,18.291,131.724,00:27:59,84,00:27:40,cpgx,2
131.497,18.3903,18.2811,131.328,00:28:19,85,00:28:00,cpgx,2
132.108,18.3804,18.2364,131.477,00:28:39,86,00:28:20,cpgx,2
132.279,18.3357,18.1967,132.209,00:28:59,87,00:28:40,cpgx,2
131.952,18.2612,18.1746,132.269,00:29:19,88,00:29:00,cpgx,2
131.427,18.291,18.1719,131.847,00:29:39,89,00:29:20,cpgx,2
131.15,18.5491,18.2612,131.447,00:29:59,90,00:29:40,cpgx,2
131.071,18.6833,18.5691,131.15,00:30:19,91,00:30:00,cpgx,2
131.14,18.718,18.6088,131.081,00:30:39,92,00:30:20,cpgx,2
130.725,18.718,18.6088,131.184,00:30:59,93,00:30:40,cpgx,2
131.071,18.6287,18.579,130.675,00:31:19,94,00:31:00,cpgx,2
130.932,18.6585,18.579,131.071,00:31:39,95,00:31:20,cpgx,2
130.744,18.6088,18.4301,131.012,00:31:59,96,00:31:40,cpgx,2
130.368,18.4599,18.3506,130.685,00:32:19,97,00:32:00,cpgx,2
130.665,18.4946,18.3407,130.329,00:32:39,98,00:32:20,cpgx,2
130.762,18.4896,18.3804,130.754,00:32:59,99,00:32:40,cpgx,2
131.38,18.4499,18.1222,130.804,00:33:19,100,00:33:00,cpgx,2
132.081,18.2712,18.162,131.467,00:33:39,101,00:33:20,cpgx,2
131.398,18.2414,18.1024,132.047,00:33:59,102,00:33:40,cpgx,2
131.833,18.2712,18.2315,131.46,00:34:19,103,00:34:00,cpgx,2
131.81,18.2612,18.162,131.893,00:34:39,104,00:34:20,cpgx,2
132.011,18.2612,18.1222,131.843,00:34:59,105,00:34:40,cpgx,2
131.536,18.1322,17.9832,132.021,00:35:19,106,00:35:00,cpgx,2
131.514,18.0229,17.9137,131.605,00:35:39,107,00:35:20,cpgx,2
131.873,17.9733,17.864,131.466,00:35:59,108,00:35:40,cpgx,2
131.982,17.9137,17.8392,131.962,00:36:19,109,00:36:00,cpgx,2
131.229,17.9236,17.8094,132.031,00:36:39,110,00:36:20,cpgx,2
131.398,17.9236,17.8243,131.358,00:36:59,111,00:36:40,cpgx,2
131.576,17.9137,17.8392,131.378,00:37:19,112,00:37:00,cpgx,2
131.512,17.9137,17.8442,131.596,00:37:39,113,00:37:20,cpgx,2
131.393,17.874,17.8343,131.734,00:37:59,114,00:37:40,cpgx,2
131.219,17.9236,17.7945,131.457,00:38:19,115,00:38:00,cpgx,2
132.259,17.9336,17.8343,131.328,00:38:39,116,00:38:20,cpgx,2
132.041,18.2414,17.8094,132.09,00:38:59,117,00:38:40,cpgx,2
131.318,18.2116,17.9177,132.298,00:39:19,118,00:39:00,cpgx,2
130.972,17.9634,17.6952,131.368,00:39:39,119,00:39:20,cpgx,2
131.16,17.8938,17.6853,130.992,00:39:59,120,00:39:40,cpgx,2
131.237,17.7697,17.6754,131.177,00:40:19,121,00:40:00,cpgx,2
130.951,17.7945,17.725,131.13,00:40:39,122,00:40:20,cpgx,2
130.715,17.725,17.5612,130.934,00:40:59,123,00:40:40,cpgx,2
130.507,17.6307,17.5016,130.744,00:41:19,124,00:41:00,cpgx,2
130.843,17.6158,17.4669,130.477,00:41:39,125,00:41:20,cpgx,2
130.675,17.5264,17.4172,130.814,00:41:59,126,00:41:40,cpgx,2
130.616,17.5066,17.4073,130.576,00:42:19,127,00:42:00,cpgx,2
130.428,17.4371,17.3775,130.576,00:42:39,128,00:42:20,cpgx,2
130.705,17.3824,17.2335,130.59,00:42:59,129,00:42:40,cpgx,2
130.616,17.3874,17.2881,130.645,00:43:19,130,00:43:00,cpgx,2
130.101,17.3974,17.3129,130.617,00:43:39,131,00:43:20,cpgx,2
130.378,17.3775,17.2682,130.101,00:43:59,132,00:43:40,cpgx,2
130.897,17.2881,17.2385,130.358,00:44:19,133,00:44:00,cpgx,2
130.993,17.3775,17.2583,130.913,00:44:39,134,00:44:20,cpgx,2
131.704,17.4371,17.308,130.764,00:44:59,135,00:44:40,cpgx,2
131.596,17.4768,17.303,131.507,00:45:19,136,00:45:00,cpgx,2
132.338,17.7995,17.3675,131.655,00:45:39,137,00:45:20,cpgx,2
132.625,17.4371,17.2583,132.496,00:45:59,138,00:45:40,cpgx,2
132.665,17.3874,17.1888,132.675,00:46:19,139,00:46:00,cpgx,2
132.467,17.1888,17.0498,132.646,00:46:39,140,00:46:20,cpgx,2
132.675,17.2087,17.0895,132.378,00:46:59,141,00:46:40,cpgx,2
132.12,17.2285,17.1342,132.764,00:47:19,142,00:47:00,cpgx,2
132.071,17.2186,17.0299,132.179,00:47:39,143,00:47:20,cpgx,2
131.536,17.1094,17.0399,131.942,00:47:59,144,00:47:40,cpgx,2
131.704,17.0647,16.9604,131.566,00:48:19,145,00:48:00,cpgx,2
131.566,17.0697,17.0101,131.724,00:48:39,146,00:48:20,cpgx,2
131.435,17.0498,17.0101,131.477,00:48:59,147,00:48:40,cpgx,2
131.724,17.0101,16.881,131.447,00:49:19,148,00:49:00,cpgx,2
131.229,16.9803,16.9306,131.645,00:49:39,149,00:49:20,cpgx,2
130.982,16.9902,16.9008,131.219,00:49:59,150,00:49:40,cpgx,2
130.794,17.02,16.8611,130.962,00:50:19,151,00:50:00,cpgx,2
130.378,16.881,16.7618,130.794,00:50:39,152,00:50:20,cpgx,2
130.197,16.9108,16.8413,130.378,00:50:59,153,00:50:40,cpgx,2
130.309,16.9306,16.8611,130.052,00:51:19,154,00:51:00,cpgx,2
130.101,17.02,16.881,130.249,00:51:39,155,00:51:20,cpgx,2
130.022,17.1491,16.8629,130.299,00:51:59,156,00:51:40,cpgx,2
130.556,17.1392,16.8512,130.596,00:52:19,157,00:52:00,cpgx,2
130.507,17.1888,16.9108,130.611,00:52:39,158,00:52:20,cpgx,2
130.848,17.3179,17.2186,130.388,00:52:59,159,00:52:40,cpgx,2
131.635,17.3775,17.2682,131.038,00:53:19,160,00:53:00,cpgx,2
131.556,17.3477,17.1987,131.813,00:53:39,161,00:53:20,cpgx,2
131.704,17.1987,16.9008,131.625,00:53:59,162,00:53:40,cpgx,2
132.14,16.9803,16.8462,131.863,00:54:19,163,00:54:00,cpgx,2
131.883,17.0697,16.9505,132.061,00:54:39,164,00:54:20,cpgx,2
131.437,17.169,17.1094,131.784,00:54:59,165,00:54:40,cpgx,2
131.615,17.2186,17.1292,131.503,00:55:19,166,00:55:00,cpgx,2
131.902,17.3675,17.2186,131.645,00:55:39,167,00:55:20,cpgx,2
132.021,17.3874,17.308,131.925,00:55:59,168,00:55:40,cpgx,2
131.744,17.4073,17.2881,132.14,00:56:19,169,00:56:00,cpgx,2
131.754,17.4569,17.3576,131.704,00:56:39,170,00:56:20,cpgx,2
131.843,17.4966,17.3477,131.794,00:56:59,171,00:56:40,cpgx,2
131.813,17.447,17.3576,131.875,00:57:19,172,00:57:00,cpgx,2
131.99,17.3973,17.3378,131.792,00:57:39,173,00:57:20,cpgx,2
132.12,17.4172,17.2682,131.972,00:57:59,174,00:57:40,cpgx,2
131.635,17.3775,16.9604,132.061,00:58:19,175,00:58:00,cpgx,2
129.165,17.0299,16.9008,131.586,00:58:39,176,00:58:20,cpgx,2
128.745,17.0399,16.8909,129.111,00:58:59,177,00:58:40,cpgx,2
129.066,17.0895,16.891,128.854,00:59:19,178,00:59:00,cpgx,2
129.24,17.0379,16.8413,129.19,00:59:39,179,00:59:20,cpgx,2
128.794,16.9207,16.8313,129.269,00:59:59,180,00:59:40,cpgx,2
128.567,16.9604,16.881,128.816,01:00:19,181,01:00:00,cpgx,2
128.554,16.8909,16.8313,128.596,01:00:39,182,01:00:20,cpgx,2
128.349,16.8711,16.8313,128.507,01:00:59,183,01:00:40,cpgx,2
128.23,16.881,16.8214,128.24,01:01:19,184,01:01:00,cpgx,2
127.695,16.8909,16.8214,128.18,01:01:39,185,01:01:20,cpgx,2
128.388,16.9008,16.8611,127.671,01:01:59,186,01:01:40,cpgx,2
128.081,16.9704,16.9108,128.339,01:02:19,187,01:02:00,cpgx,2
127.635,17.0101,16.9179,128.111,01:02:39,188,01:02:20,cpgx,2
128.121,17.0101,16.9505,127.626,01:02:59,189,01:02:40,cpgx,2
128.309,16.9952,16.9253,128.23,01:03:19,190,01:03:00,cpgx,2
127.864,17.0299,16.9207,128.319,01:03:39,191,01:03:20,cpgx,2
128.764,17.0697,17.0001,127.866,01:03:59,192,01:03:40,cpgx,2
128.141,17.0399,16.9604,128.725,01:04:19,193,01:04:00,cpgx,2
128.384,17.0051,16.9108,128.289,01:04:39,194,01:04:20,cpgx,2
128.537,17.2951,16.8413,128.24,01:04:59,195,01:04:40,cpgx,2
128.675,17.0299,16.7916,128.814,01:05:19,196,01:05:00,cpgx,2
129.042,17.1392,17.0001,128.557,01:05:39,197,01:05:20,cpgx,2
129.052,17.0597,16.8512,128.858,01:05:59,198,01:05:40,cpgx,2
128.705,17.0299,16.8909,128.914,01:06:19,199,01:06:00,cpgx,2
128.631,16.9902,16.9406,128.557,01:06:39,200,01:06:20,cpgx,2
129.111,17.02,16.9654,128.695,01:06:59,201,01:06:40,cpgx,2
129.269,17.02,16.9306,129.23,01:07:19,202,01:07:00,cpgx,2
128.705,16.9505,16.8611,129.309,01:07:39,203,01:07:20,cpgx,2
128.755,16.9803,16.8711,128.636,01:07:59,204,01:07:40,cpgx,2
128.745,16.9505,16.9008,128.74,01:08:19,205,01:08:00,cpgx,2
129.061,16.9406,16.8909,128.774,01:08:39,206,01:08:20,cpgx,2
129.081,16.9008,16.8015,129.051,01:08:59,207,01:08:40,cpgx,2
129.032,16.7916,16.6129,129.142,01:09:19,208,01:09:00,cpgx,2
128.359,16.6029,16.2951,128.982,01:09:39,209,01:09:20,cpgx,2
128.141,16.3462,16.2455,128.349,01:09:59,210,01:09:40,cpgx,2
127.646,16.31,16.2257,128.2,01:10:19,211,01:10:00,cpgx,2
128.081,16.4143,16.2852,127.606,01:10:39,212,01:10:20,cpgx,2
127.794,16.5732,16.454,128.101,01:10:59,213,01:10:40,cpgx,2
127.804,16.5136,15.9476,127.705,01:11:19,214,01:11:00,cpgx,2
119.429,15.9674,15.6,127.834,01:11:39,215,01:11:20,cpgx,2
119.928,15.6993,15.5404,119.549,01:11:59,216,01:11:40,cpgx,2
121.063,15.5702,15.3716,120.053,01:12:19,217,01:12:00,cpgx,2
120.689,15.4411,15.2922,120.571,01:12:39,218,01:12:20,cpgx,2
120.776,15.4908,15.3816,120.845,01:12:59,219,01:12:40,cpgx,2
122.498,15.5305,15.4411,120.665,01:13:19,220,01:13:00,cpgx,2
122.044,15.6497,15.5206,122.301,01:13:39,221,01:13:20,cpgx,2
120.974,15.5603,15.4809,121.847,01:13:59,222,01:13:40,cpgx,2
120.089,15.5504,15.4709,120.836,01:14:19,223,01:14:00,cpgx,2
119.771,15.5305,15.4411,120.123,01:14:39,224,01:14:20,cpgx,2
120.497,15.5504,15.4908,119.796,01:14:59,225,01:14:40,cpgx,2
119.555,15.6,15.4908,120.469,01:15:19,226,01:15:00,cpgx,2
119.776,15.7887,15.5851,119.331,01:15:39,227,01:15:20,cpgx,2
119.434,15.7788,15.6,119.905,01:15:59,228,01:15:40,cpgx,2
119.153,15.888,15.7291,119.331,01:16:19,229,01:16:00,cpgx,2
118.984,15.8979,15.8234,119.262,01:16:39,230,01:16:20,cpgx,2
119.351,15.888,15.7887,119.24,01:16:59,231,01:16:40,cpgx,2
120.271,16.2057,15.9178,119.242,01:17:19,232,01:17:00,cpgx,2
121.004,16.1958,15.9873,120.271,01:17:39,233,01:17:20,cpgx,2
120.737,16.166,15.9178,121.142,01:17:59,234,01:17:40,cpgx,2
119.44,16.2355,15.9277,120.083,01:18:19,235,01:18:00,cpgx,2
121.618,16.5334,16.1263,119.658,01:18:39,236,01:18:20,cpgx,2
122.578,16.5136,16.4043,121.662,01:18:59,237,01:18:40,cpgx,2
123.073,16.5235,16.4043,122.815,01:19:19,238,01:19:00,cpgx,2
122.984,16.6129,16.5084,122.756,01:19:39,239,01:19:20,cpgx,2
122.226,16.6625,16.5136,122.766,01:19:59,240,01:19:40,cpgx,2
122.568,16.8512,16.6129,122.32,01:20:19,241,01:20:00,cpgx,2
123.459,16.8512,16.7022,122.637,01:20:39,242,01:20:20,cpgx,2
122.776,16.7122,16.6427,123.35,01:20:59,243,01:20:40,cpgx,2
122.127,16.7122,16.6526,122.746,01:21:19,244,01:21:00,cpgx,2
122.41,16.8115,16.6327,122.124,01:21:39,245,01:21:20,cpgx,2
121.914,16.6725,16.4937,122.41,01:21:59,246,01:21:40,cpgx,2
122.271,16.5036,16.3746,121.855,01:22:19,247,01:22:00,cpgx,2
121.769,16.4739,16.305,122.182,01:22:39,248,01:22:20,cpgx,2
121.291,16.5136,16.2753,121.775,01:22:59,249,01:22:40,cpgx,2
121.796,16.6029,16.4937,121.373,01:23:19,250,01:23:00,cpgx,2
121.509,16.5334,16.454,121.777,01:23:39,251,01:23:20,cpgx,2
121.815,16.5434,16.4639,121.568,01:23:59,252,01:23:40,cpgx,2
121.944,17.1491,16.4937,121.825,01:24:19,253,01:24:00,cpgx,2
122.929,17.4321,16.9306,121.885,01:24:39,254,01:24:20,cpgx,2
123.092,18.2513,17.6257,122.805,01:24:59,255,01:24:40,cpgx,2
123.221,17.874,17.7151,122.969,01:25:19,256,01:25:00,cpgx,2
122.677,17.7747,17.5384,123.152,01:25:39,257,01:25:20,cpgx,2
121.42,17.5662,17.3775,122.598,01:25:59,258,01:25:40,cpgx,2
121.154,17.4817,17.2881,121.469,01:26:19,259,01:26:00,cpgx,2
121.043,17.4569,17.2782,121.222,01:26:39,260,01:26:20,cpgx,2
121.024,17.5165,17.3675,121.081,01:26:59,261,01:26:40,cpgx,2
120.974,17.4669,17.3775,120.944,01:27:19,262,01:27:00,cpgx,2
121.043,17.5364,17.4768,120.984,01:27:39,263,01:27:20,cpgx,2
121.014,17.5662,17.4966,121.043,01:27:59,264,01:27:40,cpgx,2
120.905,17.581,17.4966,120.984,01:28:19,265,01:28:00,cpgx,2
120.994,17.5364,17.5016,120.925,01:28:39,266,01:28:20,cpgx,2
121.063,17.5662,17.4966,121.014,01:28:59,267,01:28:40,cpgx,2
121.043,17.586,17.5364,121.091,01:29:19,268,01:29:00,cpgx,2
120.776,17.581,17.5264,121.034,01:29:39,269,01:29:20,cpgx,2
121.034,17.5463,17.4569,120.657,01:29:59,270,01:29:40,cpgx,2
121.192,17.586,17.5066,121.063,01:30:19,271,01:30:00,cpgx,2
121.33,17.6605,17.5364,121.192,01:30:39,272,01:30:20,cpgx,2
121.192,17.6506,17.1193,121.35,01:30:59,273,01:30:40,cpgx,2
121.578,17.5463,17.2682,120.994,01:31:19,274,01:31:00,cpgx,2
122.736,18.1222,17.586,121.509,01:31:39,275,01:31:20,cpgx,2
122.479,17.9137,17.5364,122.637,01:31:59,276,01:31:40,cpgx,2
122.043,17.6456,17.4569,122.38,01:32:19,277,01:32:00,cpgx,2
121.895,17.6257,17.4966,122.269,01:32:39,278,01:32:20,cpgx,2
122.078,17.5463,17.3874,121.825,01:32:59,279,01:32:40,cpgx,2
121.984,17.4669,17.3874,122.073,01:33:19,280,01:33:00,cpgx,2
122.075,17.4271,17.3576,122.053,01:33:39,281,01:33:20,cpgx,2
122.202,17.3924,17.2881,122.013,01:33:59,282,01:33:40,cpgx,2
122.528,17.3278,17.2385,122.221,01:34:19,283,01:34:00,cpgx,2
122.518,17.2782,17.1789,122.567,01:34:39,284,01:34:20,cpgx,2
122.221,17.308,17.1938,122.598,01:34:59,285,01:34:40,cpgx,2
121.766,17.3179,17.1987,122.192,01:35:19,286,01:35:00,cpgx,2
121.588,17.3278,17.2484,121.589,01:35:39,287,01:35:20,cpgx,2
121.647,17.3775,17.2385,121.679,01:35:59,288,01:35:40,cpgx,2
121.509,17.2386,17.1888,121.786,01:36:19,289,01:36:00,cpgx,2
121.261,17.2186,17.159,121.383,01:36:39,290,01:36:20,cpgx,2
120.935,17.2087,17.0994,121.192,01:36:59,291,01:36:40,cpgx,2
120.697,17.5165,17.0902,120.816,01:37:19,292,01:37:00,cpgx,2
121.934,17.4569,17.1491,120.796,01:37:39,293,01:37:20,cpgx,2
121.736,17.2186,17.1094,121.736,01:37:59,294,01:37:40,cpgx,2
121.944,17.2385,17.1292,121.756,01:38:19,295,01:38:00,cpgx,2
122.172,17.1789,17.0498,121.929,01:38:39,296,01:38:20,cpgx,2
122.113,17.1818,17.1193,122.053,01:38:59,297,01:38:40,cpgx,2
122.103,17.1987,17.1392,122.073,01:39:19,298,01:39:00,cpgx,2
121.588,17.2385,17.159,122.132,01:39:39,299,01:39:20,cpgx,2
121.647,17.5662,17.2285,121.654,01:39:59,300,01:39:40,cpgx,2
121.825,17.5463,17.4768,121.608,01:40:19,301,01:40:00,cpgx,2
121.578,17.5165,17.4669,121.707,01:40:39,302,01:40:20,cpgx,2
121.499,17.5463,17.4867,121.637,01:40:59,303,01:40:40,cpgx,2
121.479,17.6257,17.5463,121.445,01:41:19,304,01:41:00,cpgx,2
121.558,17.6655,17.5463,121.495,01:41:39,305,01:41:20,cpgx,2
121.321,17.725,17.6754,121.528,01:41:59,306,01:41:40,cpgx,2
121.212,17.6853,17.4669,121.321,01:42:19,307,01:42:00,cpgx,2
121.172,17.4768,17.4271,121.231,01:42:39,308,01:42:20,cpgx,2
121.42,17.5165,17.4172,121.202,01:42:59,309,01:42:40,cpgx,2
121.34,17.5263,17.4669,121.439,01:43:19,310,01:43:00,cpgx,2
121.261,17.6555,17.5066,121.172,01:43:39,311,01:43:20,cpgx,2
121.312,17.735,17.4023,121.306,01:43:59,312,01:43:40,cpgx,2
121.558,17.6059,17.4669,121.489,01:44:19,313,01:44:00,cpgx,2
121.093,17.447,17.2583,121.637,01:44:39,314,01:44:20,cpgx,2
120.38,17.4966,17.298,121.241,01:44:59,315,01:44:40,cpgx,2
120.519,17.5364,17.3874,120.341,01:45:19,316,01:45:00,cpgx,2
120.608,17.7449,17.4371,120.45,01:45:39,317,01:45:20,cpgx,2
121.063,17.9336,17.7548,120.667,01:45:59,318,01:45:40,cpgx,2
121.37,17.864,17.7846,121.068,01:46:19,319,01:46:00,cpgx,2
121.241,17.9634,17.8243,121.37,01:46:39,320,01:46:20,cpgx,2
121.33,17.9336,17.8144,121.336,01:46:59,321,01:46:40,cpgx,2
121.162,17.864,17.7647,121.311,01:47:19,322,01:47:00,cpgx,2
120.906,17.9435,17.8442,121.103,01:47:39,323,01:47:20,cpgx,2
120.895,17.9534,17.9137,120.915,01:47:59,324,01:47:40,cpgx,2
120.925,18.0527,17.8442,120.766,01:48:19,325,01:48:00,cpgx,2
120.825,17.91,17.8045,120.885,01:48:39,326,01:48:20,cpgx,2
120.756,17.9038,17.7449,120.479,01:48:59,327,01:48:40,cpgx,2
120.459,17.8541,17.5959,120.727,01:49:19,328,01:49:00,cpgx,2
119.816,17.5959,17.4669,120.39,01:49:39,329,01:49:20,cpgx,2
119.539,17.6853,17.5959,119.945,01:49:59,330,01:49:40,cpgx,2
119.806,18.3605,17.5959,119.648,01:50:19,331,01:50:00,cpgx,2
120.858,18.4003,18.2513,119.846,01:50:39,332,01:50:20,cpgx,2
120.905,18.3903,18.2116,120.796,01:50:59,333,01:50:40,cpgx,2
120.36,18.3308,18.0329,120.935,01:51:19,334,01:51:00,cpgx,2
120.047,18.2513,18.0131,120.355,01:51:39,335,01:51:20,cpgx,2
120.341,18.2116,18.0825,120.212,01:51:59,336,01:51:40,cpgx,2
120.549,18.152,17.8938,120.192,01:52:19,337,01:52:00,cpgx,2
120.014,18.152,18.0229,120.549,01:52:39,338,01:52:20,cpgx,2
119.895,18.2113,18.1322,120.063,01:52:59,339,01:52:40,cpgx,2
120.32,18.1917,18.1123,119.776,01:53:19,340,01:53:00,cpgx,2
121.142,18.1421,17.9634,120.212,01:53:39,341,01:53:20,cpgx,2
121.024,18.0627,17.9137,121.152,01:53:59,342,01:53:40,cpgx,2
120.949,18.0229,17.9137,121.043,01:54:19,343,01:54:00,cpgx,2
121.034,17.9931,17.8541,120.885,01:54:39,344,01:54:20,cpgx,2
120.816,17.9336,17.8343,121.103,01:54:59,345,01:54:40,cpgx,2
120.954,17.8839,17.7945,120.717,01:55:19,346,01:55:00,cpgx,2
121.202,17.8343,17.7846,120.974,01:55:39,347,01:55:20,cpgx,2
121.024,17.8839,17.7548,121.152,01:55:59,348,01:55:40,cpgx,2
121.429,17.8442,17.7449,120.974,01:56:19,349,01:56:00,cpgx,2
121.429,18.2612,17.864,121.34,01:56:39,350,01:56:20,cpgx,2
121.073,18.301,18.1024,121.311,01:56:59,351,01:56:40,cpgx,2
121.984,18.3804,18.2116,121.716,01:57:19,352,01:57:00,cpgx,2
122.736,18.3308,18.162,121.855,01:57:39,353,01:57:20,cpgx,2
122.348,18.3407,18.2215,122.964,01:57:59,354,01:57:40,cpgx,2
122.815,18.3903,18.2811,122.221,01:58:19,355,01:58:00,cpgx,2
122.904,18.3308,18.2116,122.885,01:58:39,356,01:58:20,cpgx,2
122.607,18.2116,18.0726,122.914,01:58:59,357,01:58:40,cpgx,2
122.845,18.2612,18.1123,122.637,01:59:19,358,01:59:00,cpgx,2
123.092,18.3705,18.2612,122.904,01:59:39,359,01:59:20,cpgx,2
123.019,18.4003,18.3705,123.083,01:59:59,360,01:59:40,cpgx,2
123.092,18.3804,18.2612,122.993,02:00:19,361,02:00:00,cpgx,2
123.31,18.3804,18.2513,123.083,02:00:39,362,02:00:20,cpgx,2
123.389,18.4052,18.3109,123.33,02:00:59,363,02:00:40,cpgx,2
123.43,18.3804,18.2612,123.375,02:01:19,364,02:01:00,cpgx,2
123.013,18.3804,18.3308,123.459,02:01:39,365,02:01:20,cpgx,2
123.043,18.3705,18.301,123.023,02:01:59,366,02:01:40,cpgx,2
122.984,18.3308,18.2513,123.053,02:02:19,367,02:02:00,cpgx,2
122.944,18.3605,18.2612,122.964,02:02:39,368,02:02:20,cpgx,2
123.182,18.3705,18.2514,122.992,02:02:59,369,02:02:40,cpgx,2
123.201,18.3903,17.6059,123.191,02:03:19,370,02:03:00,cpgx,2
122.771,17.6456,17.3973,123.132,02:03:39,371,02:03:20,cpgx,2
122.726,17.9733,17.5066,122.825,02:03:59,372,02:03:40,cpgx,2
123.459,18.0031,17.864,122.637,02:04:19,373,02:04:00,cpgx,2
123.607,17.9435,17.7548,123.469,02:04:39,374,02:04:20,cpgx,2
123.845,17.8144,17.6655,123.479,02:04:59,375,02:04:40,cpgx,2
123.667,17.6952,17.5761,123.805,02:05:19,376,02:05:00,cpgx,2
123.676,17.6357,17.5463,123.498,02:05:39,377,02:05:20,cpgx,2
123.577,17.6357,17.447,123.736,02:05:59,378,02:05:40,cpgx,2
123.3,17.5165,17.4073,123.637,02:06:19,379,02:06:00,cpgx,2
122.895,17.5662,17.4866,123.34,02:06:39,380,02:06:20,cpgx,2
122.947,17.5264,17.4073,122.954,02:06:59,381,02:06:40,cpgx,2
122.855,17.4569,17.4073,122.904,02:07:19,382,02:07:00,cpgx,2
122.944,17.591,17.4321,122.726,02:07:39,383,02:07:20,cpgx,2
122.964,17.6853,17.5463,122.885,02:07:59,384,02:07:40,cpgx,2
123.33,17.7449,17.6357,123.102,02:08:19,385,02:08:00,cpgx,2
123.361,17.8144,17.725,123.367,02:08:39,386,02:08:20,cpgx,2
123.568,17.9733,17.725,123.459,02:08:59,387,02:08:40,cpgx,2
123.676,18.0923,17.9534,123.577,02:09:19,388,02:09:00,cpgx,2
123.716,18.0428,17.3973,123.706,02:09:39,389,02:09:20,cpgx,2
123.647,17.6853,17.3973,123.785,02:09:59,390,02:09:40,cpgx,2
121.697,17.9236,17.6655,122.429,02:10:19,391,02:10:00,cpgx,2
121.954,17.8243,17.725,121.667,02:10:39,392,02:10:20,cpgx,2
122.113,17.8243,17.4371,122.004,02:10:59,393,02:10:40,cpgx,2
121.949,17.7995,17.5165,122.132,02:11:19,394,02:11:00,cpgx,2
121.964,17.7747,17.7052,121.984,02:11:39,395,02:11:20,cpgx,2
122.132,17.7747,17.6763,121.895,02:11:59,396,02:11:40,cpgx,2
122.192,17.7647,17.6853,122.142,02:12:19,397,02:12:00,cpgx,2
121.855,17.7796,17.735,122.093,02:12:39,398,02:12:20,cpgx,2
122.004,17.7945,17.725,121.846,02:12:59,399,02:12:40,cpgx,2
122.039,17.7846,17.7449,122.053,02:13:19,400,02:13:00,cpgx,2
121.815,17.8194,17.7449,122.033,02:13:39,401,02:13:20,cpgx,2
121.914,17.7945,17.7647,121.798,02:13:59,402,02:13:40,cpgx,2
121.766,17.7995,17.7722,121.954,02:14:19,403,02:14:00,cpgx,2
121.647,17.7896,17.725,121.746,02:14:39,404,02:14:20,cpgx,2
121.466,17.7945,17.725,121.631,02:14:59,405,02:14:40,cpgx,2
121.752,17.7548,17.7052,121.519,02:15:19,406,02:15:00,cpgx,2
121.608,17.8045,17.6903,121.756,02:15:39,407,02:15:20,cpgx,2
121.677,17.8343,17.735,121.499,02:15:59,408,02:15:40,cpgx,2
121.697,18.1818,17.7846,121.667,02:16:19,409,02:16:00,cpgx,2
122.805,18.2315,17.864,121.677,02:16:39,410,02:16:20,cpgx,2
122.251,17.8541,17.4371,122.934,02:16:59,411,02:16:40,cpgx,2
121.806,17.6456,17.3179,122.083,02:17:19,412,02:17:00,cpgx,2
121.38,17.8938,17.7151,121.895,02:17:39,413,02:17:20,cpgx,2
122.261,17.9733,17.735,121.479,02:17:59,414,02:17:40,cpgx,2
122.212,17.9435,17.6853,122.469,02:18:19,415,02:18:00,cpgx,2
122.498,17.725,17.5761,122.36,02:18:39,416,02:18:20,cpgx,2
122.628,17.8541,17.6704,122.667,02:18:59,417,02:18:40,cpgx,2
122.569,17.8343,17.626,122.776,02:19:19,418,02:19:00,cpgx,2
122.114,17.8144,17.6655,122.459,02:19:39,419,02:19:20,cpgx,2
122.182,17.7201,17.6456,122.053,02:19:59,420,02:19:40,cpgx,2
122.172,17.7002,17.586,122.246,02:20:19,421,02:20:00,cpgx,2
122.182,17.735,17.6406,122.083,02:20:39,422,02:20:20,cpgx,2
122.212,17.8541,17.7052,122.083,02:20:59,423,02:20:40,cpgx,2
122.6,17.9137,17.7945,122.226,02:21:19,424,02:21:00,cpgx,2
123.389,18.0229,17.8541,122.617,02:21:39,425,02:21:20,cpgx,2
123.944,18.1222,18.0229,123.419,02:21:59,426,02:21:40,cpgx,2
123.835,18.162,18.0627,123.894,02:22:19,427,02:22:00,cpgx,2
123.003,18.68,18.162,123.894,02:22:39,428,02:22:20,cpgx,2
123.29,18.45,18.11,123.112,02:22:59,429,02:22:40,cpgx,2
125.636,18.55,18.33,123.815,02:23:19,430,02:23:00,cpgx,2
126.26,18.55,18.4,125.607,02:23:39,431,02:23:20,cpgx,2
126.864,18.39,18.16,126.527,02:23:59,432,02:23:40,cpgx,2
126.814,18.26,18.06,126.923,02:24:19,433,02:24:00,cpgx,2
126.742,18.22,18.04,126.843,02:24:39,434,02:24:20,cpgx,2
126.765,18.39,18.24,126.607,02:24:59,435,02:24:40,cpgx,2
125.755,18.38,18.18,126.607,02:25:19,436,02:25:00,cpgx,2
126.24,18.32,18.17,125.825,02:25:39,437,02:25:20,cpgx,2
126.032,18.35,18.26,126.27,02:25:59,438,02:25:40,cpgx,2
126.3,18.36,18.27,126.114,02:26:19,439,02:26:00,cpgx,2
126.092,18.33,18.18,126.369,02:26:39,440,02:26:20,cpgx,2
126.244,18.28,18.185,126.171,02:26:59,441,02:26:40,cpgx,2
125.844,18.27,18.21,126.201,02:27:19,442,02:27:00,cpgx,2
125.627,18.235,18.135,125.854,02:27:39,443,02:27:20,cpgx,2
125.686,18.235,18.13,125.676,02:27:59,444,02:27:40,cpgx,2
125.458,18.24,18.16,125.726,02:28:19,445,02:28:00,cpgx,2
125.537,18.2,18.11,125.419,02:28:39,446,02:28:20,cpgx,2
126.032,18.14,18.02,125.694,02:28:59,447,02:28:40,cpgx,2
126.23,18.33,17.76,125.963,02:29:19,448,02:29:00,cpgx,2
125.854,18.11,17.76,126.201,02:29:39,449,02:29:20,cpgx,2
125.008,18.14,18.02,125.925,02:29:59,450,02:29:40,cpgx,2
125.468,18.23,18.08,124.992,02:30:19,451,02:30:00,cpgx,2
125.191,18.09,17.95,125.488,02:30:39,452,02:30:20,cpgx,2
125.201,18.03,17.855,125.201,02:30:59,453,02:30:40,cpgx,2
125.211,17.87,17.775,125.201,02:31:19,454,02:31:00,cpgx,2
126.29,17.86,17.755,125.29,02:31:39,455,02:31:20,cpgx,2
125.924,17.84,17.8,126.324,02:31:59,456,02:31:40,cpgx,2
125.795,17.82,17.79,125.953,02:32:19,457,02:32:00,cpgx,2
126.25,17.8,17.65,125.745,02:32:39,458,02:32:20,cpgx,2
125.864,17.665,17.62,126.31,02:32:59,459,02:32:40,cpgx,2
125.953,17.635,17.585,125.904,02:33:19,460,02:33:00,cpgx,2
126.072,17.67,17.6,125.884,02:33:39,461,02:33:20,cpgx,2
126.067,17.7,17.63,125.953,02:33:59,462,02:33:40,cpgx,2
125.973,17.64,17.54,126.057,02:34:19,463,02:34:00,cpgx,2
126.409,17.605,17.48,125.987,02:34:39,464,02:34:20,cpgx,2
126.617,17.5,17.42,126.349,02:34:59,465,02:34:40,cpgx,2
127.062,17.465,17.3,126.745,02:35:19,466,02:35:00,cpgx,2
126.983,17.3,16.87,127.102,02:35:39,467,02:35:20,cpgx,2
127.121,16.77,16.44,126.933,02:35:59,468,02:35:40,cpgx,2
125.85,16.5,16.42,126.0,02:36:19,469,02:36:00,cpgx,2
125.31,16.485,16.34,126.17,02:36:39,470,02:36:20,cpgx,2
125.28,16.44,16.34,125.418,02:36:59,471,02:36:40,cpgx,2
125.21,16.32,16.245,125.29,02:37:19,472,02:37:00,cpgx,2
124.42,16.51,16.33,125.12,02:37:39,473,02:37:20,cpgx,2
124.759,16.34,16.22,124.38,02:37:59,474,02:37:40,cpgx,2
124.8,16.4,16.3,124.63,02:38:19,475,02:38:00,cpgx,2
125.61,16.44,16.33,124.84,02:38:39,476,02:38:20,cpgx,2
125.68,16.4091,16.34,125.66,02:38:59,477,02:38:40,cpgx,2
125.79,16.39,16.32,125.65,02:39:19,478,02:39:00,cpgx,2
125.45,16.39,16.3,125.88,02:39:39,479,02:39:20,cpgx,2
125.08,16.3,16.23,125.41,02:39:59,480,02:39:40,cpgx,2
125.4,16.29,16.24,125.11,02:40:19,481,02:40:00,cpgx,2
125.19,16.33,16.245,125.269,02:40:39,482,02:40:20,cpgx,2
125.17,16.33,16.29,125.2,02:40:59,483,02:40:40,cpgx,2
125.32,16.39,16.3,125.21,02:41:19,484,02:41:00,cpgx,2
125.72,16.47,16.41,125.3,02:41:39,485,02:41:20,cpgx,2
126.196,16.585,16.47,125.63,02:41:59,486,02:41:40,cpgx,2
127.29,16.595,16.2,126.3,02:42:19,487,02:42:00,cpgx,2
126.328,16.51,16.27,127.25,02:42:39,488,02:42:20,cpgx,2
126.45,16.53,16.33,126.53,02:42:59,489,02:42:40,cpgx,2
125.54,16.42,16.31,126.51,02:43:19,490,02:43:00,cpgx,2
124.91,16.32,16.09,125.295,02:43:39,491,02:43:20,cpgx,2
124.59,16.29,16.08,125.03,02:43:59,492,02:43:40,cpgx,2
125.163,16.12,15.92,124.6,02:44:19,493,02:44:00,cpgx,2
124.83,15.97,15.68,125.16,02:44:39,494,02:44:20,cpgx,2
124.74,15.81,15.65,124.86,02:44:59,495,02:44:40,cpgx,2
124.9,15.76,15.69,124.73,02:45:19,496,02:45:00,cpgx,2
124.826,15.73,15.64,124.8,02:45:39,497,02:45:20,cpgx,2
124.39,15.72,15.54,124.84,02:45:59,498,02:45:40,cpgx,2
123.81,15.665,15.49,124.42,02:46:19,499,02:46:00,cpgx,2
123.91,15.74,15.46,123.86,02:46:39,500,02:46:20,cpgx,2
124.591,15.715,15.62,123.89,02:46:59,501,02:46:40,cpgx,2
124.82,15.81,15.625,124.52,02:47:19,502,02:47:00,cpgx,2
125.07,15.92,15.78,124.84,02:47:39,503,02:47:20,cpgx,2
124.891,15.93,15.82,125.06,02:47:59,504,02:47:40,cpgx,2
124.79,15.99,15.83,124.81,02:48:19,505,02:48:00,cpgx,2
124.31,15.97,15.74,124.72,02:48:39,506,02:48:20,cpgx,2
124.03,16.14,15.74,124.32,02:48:59,507,02:48:40,cpgx,2
124.41,16.2,16.0754,125.0,02:49:19,508,02:49:00,cpgx,2
123.8,16.43,16.2,124.57,02:49:39,509,02:49:20,cpgx,2
123.74,16.3,16.14,123.886,02:49:59,510,02:49:40,cpgx,2
123.16,16.26,16.18,123.79,02:50:19,511,02:50:00,cpgx,2
123.0,16.19,16.03,123.6,02:50:39,512,02:50:20,cpgx,2
123.08,16.2,15.935,123.0,02:50:59,513,02:50:40,cpgx,2
122.77,16.26,16.1999,123.055,02:51:19,514,02:51:00,cpgx,2
122.67,16.38,16.22,122.73,02:51:39,515,02:51:20,cpgx,2
123.06,16.39,16.25,122.7,02:51:59,516,02:51:40,cpgx,2
123.043,16.31,16.24,123.15,02:52:19,517,02:52:00,cpgx,2
123.22,16.28,16.25,123.0,02:52:39,518,02:52:20,cpgx,2
122.41,16.29,16.24,123.095,02:52:59,519,02:52:40,cpgx,2
122.53,16.31,16.23,122.42,02:53:19,520,02:53:00,cpgx,2
122.2,16.27,16.24,122.51,02:53:39,521,02:53:20,cpgx,2
121.73,16.26,16.23,122.255,02:53:59,522,02:53:40,cpgx,2
121.32,16.31,16.235,121.75,02:54:19,523,02:54:00,cpgx,2
121.47,16.28,16.195,121.27,02:54:39,524,02:54:20,cpgx,2
120.55,16.24,16.19,121.421,02:54:59,525,02:54:40,cpgx,2
120.11,16.235,15.58,120.51,02:55:19,526,02:55:00,cpgx,2
118.46,15.97,15.71,120.08,02:55:39,527,02:55:20,cpgx,2
119.41,15.91,15.8,118.339,02:55:59,528,02:55:40,cpgx,2
118.89,15.82,15.73,119.11,02:56:19,529,02:56:00,cpgx,2
118.6,15.89,15.75,118.72,02:56:39,530,02:56:20,cpgx,2
118.36,15.935,15.83,118.47,02:56:59,531,02:56:40,cpgx,2
118.415,15.8499,15.78,118.44,02:57:19,532,02:57:00,cpgx,2
118.38,15.93,15.81,118.45,02:57:39,533,02:57:20,cpgx,2
118.32,15.95,15.82,118.36,02:57:59,534,02:57:40,cpgx,2
117.94,15.85,15.75,118.3,02:58:19,535,02:58:00,cpgx,2
117.77,15.842,15.75,117.87,02:58:39,536,02:58:20,cpgx,2
117.88,15.8,15.74,117.87,02:58:59,537,02:58:40,cpgx,2
117.88,15.77,15.66,117.913,02:59:19,538,02:59:00,cpgx,2
117.84,15.69,15.66,117.91,02:59:39,539,02:59:20,cpgx,2
117.51,15.69,15.56,117.77,02:59:59,540,02:59:40,cpgx,2
117.39,15.91,15.53,117.57,03:00:19,541,03:00:00,cpgx,2
117.33,15.97,15.83,117.2,03:00:39,542,03:00:20,cpgx,2
118.11,15.94,15.849,117.65,03:00:59,543,03:00:40,cpgx,2
117.62,16.025,15.92,118.01,03:01:19,544,03:01:00,cpgx,2
118.0,16.13,15.89,117.63,03:01:39,545,03:01:20,cpgx,2
117.98,16.07,15.88,118.12,03:01:59,546,03:01:40,cpgx,2
118.76,16.08,15.89,119.26,03:02:19,547,03:02:00,cpgx,2
119.16,16.13,15.98,118.91,03:02:39,548,03:02:20,cpgx,2
119.03,16.15,16.06,119.15,03:02:59,549,03:02:40,cpgx,2
119.012,16.25,16.12,118.9,03:03:19,550,03:03:00,cpgx,2
119.53,16.36,16.25,119.122,03:03:39,551,03:03:20,cpgx,2
119.96,16.27,16.21,119.573,03:03:59,552,03:03:40,cpgx,2
120.71,16.27,16.24,120.11,03:04:19,553,03:04:00,cpgx,2
120.38,16.27,16.24,120.77,03:04:39,554,03:04:20,cpgx,2
120.45,16.25,16.19,120.33,03:04:59,555,03:04:40,cpgx,2
120.81,16.22,16.18,120.43,03:05:19,556,03:05:00,cpgx,2
120.48,16.26,16.18,120.69,03:05:39,557,03:05:20,cpgx,2
120.58,16.28,16.2,120.53,03:05:59,558,03:05:40,cpgx,2
120.27,16.2199,16.15,120.56,03:06:19,559,03:06:00,cpgx,2
120.511,16.2,16.13,120.41,03:06:39,560,03:06:20,cpgx,2
120.71,16.2,16.14,120.63,03:06:59,561,03:06:40,cpgx,2
120.668,16.2,16.13,120.72,03:07:19,562,03:07:00,cpgx,2
120.91,16.19,16.11,120.68,03:07:39,563,03:07:20,cpgx,2
120.807,16.59,16.18,120.91,03:07:59,564,03:07:40,cpgx,2
120.91,16.75,16.49,120.86,03:08:19,565,03:08:00,cpgx,2
121.611,16.54,16.45,120.88,03:08:39,566,03:08:20,cpgx,2
121.83,16.701,16.61,121.56,03:08:59,567,03:08:40,cpgx,2
121.71,16.73,16.65,121.82,03:09:19,568,03:09:00,cpgx,2
121.754,16.665,16.4925,121.73,03:09:39,569,03:09:20,cpgx,2
121.528,16.6,16.47,121.73,03:09:59,570,03:09:40,cpgx,2
121.708,16.655,16.58,121.57,03:10:19,571,03:10:00,cpgx,2
122.37,16.67,16.56,121.78,03:10:39,572,03:10:20,cpgx,2
122.67,16.575,16.46,122.38,03:10:59,573,03:10:40,cpgx,2
122.54,16.545,16.47,122.7,03:11:19,574,03:11:00,cpgx,2
122.55,16.59,16.5,122.51,03:11:39,575,03:11:20,cpgx,2
122.6,16.6,16.53,122.51,03:11:59,576,03:11:40,cpgx,2
122.847,16.62,16.58,122.7,03:12:19,577,03:12:00,cpgx,2
122.92,16.645,16.55,122.87,03:12:39,578,03:12:20,cpgx,2
122.96,16.57,16.48,122.91,03:12:59,579,03:12:40,cpgx,2
123.014,16.61,16.54,122.98,03:13:19,580,03:13:00,cpgx,2
122.861,16.67,16.53,123.05,03:13:39,581,03:13:20,cpgx,2
122.69,16.73,16.66,122.855,03:13:59,582,03:13:40,cpgx,2
122.71,16.77,16.72,122.69,03:14:19,583,03:14:00,cpgx,2
122.683,17.04,16.73,122.693,03:14:39,584,03:14:20,cpgx,2
122.51,17.095,16.67,122.67,03:14:59,585,03:14:40,cpgx,2
124.1,17.25,17.0,123.71,03:15:19,586,03:15:00,cpgx,2
125.03,17.45,17.24,124.07,03:15:39,587,03:15:20,cpgx,2
125.43,17.43,17.32,125.02,03:15:59,588,03:15:40,cpgx,2
125.61,17.56,17.38,125.491,03:16:19,589,03:16:00,cpgx,2
125.275,17.41,17.36,125.46,03:16:39,590,03:16:20,cpgx,2
125.58,17.373,17.265,125.29,03:16:59,591,03:16:40,cpgx,2
125.32,17.4101,17.36,125.52,03:17:19,592,03:17:00,cpgx,2
125.69,17.38,17.35,125.334,03:17:39,593,03:17:20,cpgx,2
126.28,17.39,17.35,125.73,03:17:59,594,03:17:40,cpgx,2
126.27,17.38,17.33,126.28,03:18:19,595,03:18:00,cpgx,2
126.28,17.355,17.28,126.278,03:18:39,596,03:18:20,cpgx,2
126.33,17.33,17.29,126.23,03:18:59,597,03:18:40,cpgx,2
126.04,17.41,17.34,126.28,03:19:19,598,03:19:00,cpgx,2
126.34,17.4,17.34,126.02,03:19:39,599,03:19:20,cpgx,2
126.195,17.36,17.3,126.38,03:19:59,600,03:19:40,cpgx,2
126.36,17.38,17.3,126.23,03:20:19,601,03:20:00,cpgx,2
125.97,17.42,17.335,126.35,03:20:39,602,03:20:20,cpgx,2
126.11,17.44,16.36,125.96,03:20:59,603,03:20:40,cpgx,2
126.2,18.24,17.33,126.14,03:21:19,604,03:21:00,cpgx,2
132.385,17.74,17.375,126.22,03:21:39,605,03:21:20,cpgx,2
132.698,17.47,17.26,131.93,03:21:59,606,03:21:40,cpgx,2
133.33,17.6,17.36,132.83,03:22:19,607,03:22:00,cpgx,2
133.78,17.51,17.39,133.349,03:22:39,608,03:22:20,cpgx,2
133.48,17.42,17.2995,133.85,03:22:59,609,03:22:40,cpgx,2
133.022,17.47,17.405,133.33,03:23:19,610,03:23:00,cpgx,2
132.73,17.48,17.42,133.03,03:23:39,611,03:23:20,cpgx,2
132.76,17.675,17.455,132.73,03:23:59,612,03:23:40,cpgx,2
132.94,17.675,17.535,132.83,03:24:19,613,03:24:00,cpgx,2
132.78,17.75,17.5525,133.05,03:24:39,614,03:24:20,cpgx,2
132.63,17.76,17.67,132.74,03:24:59,615,03:24:40,cpgx,2
132.375,17.77,17.73,132.46,03:25:19,616,03:25:00,cpgx,2
132.37,17.8,17.75,132.29,03:25:39,617,03:25:20,cpgx,2
132.29,17.86,17.76,132.32,03:25:59,618,03:25:40,cpgx,2
132.77,17.86,17.75,132.33,03:26:19,619,03:26:00,cpgx,2
133.129,17.75,17.61,132.89,03:26:39,620,03:26:20,cpgx,2
133.61,17.68,17.6,133.16,03:26:59,621,03:26:40,cpgx,2
133.145,17.65,17.5,133.51,03:27:19,622,03:27:00,cpgx,2
133.03,17.575,16.98,133.15,03:27:39,623,03:27:20,cpgx,2
132.36,17.05,16.89,132.938,03:27:59,624,03:27:40,cpgx,2
131.89,17.0,16.91,132.15,03:28:19,625,03:28:00,cpgx,2
131.54,16.98,16.89,131.745,03:28:39,626,03:28:20,cpgx,2
132.06,17.07,16.84,131.47,03:28:59,627,03:28:40,cpgx,2
132.39,17.14,16.92,132.029,03:29:19,628,03:29:00,cpgx,2
131.8,17.21,17.13,132.33,03:29:39,629,03:29:20,cpgx,2
132.26,17.13,16.94,131.83,03:29:59,630,03:29:40,cpgx,2
132.93,16.97,16.91,132.32,03:30:19,631,03:30:00,cpgx,2
132.495,17.04,16.91,132.83,03:30:39,632,03:30:20,cpgx,2
132.56,17.03,16.93,132.515,03:30:59,633,03:30:40,cpgx,2
133.06,16.94,16.85,132.56,03:31:19,634,03:31:00,cpgx,2
132.97,17.02,16.86,133.08,03:31:39,635,03:31:20,cpgx,2
133.19,17.08,16.99,132.904,03:31:59,636,03:31:40,cpgx,2
133.45,17.05,17.02,133.16,03:32:19,637,03:32:00,cpgx,2
133.52,17.08,17.03,133.52,03:32:39,638,03:32:20,cpgx,2
132.92,17.18,17.095,133.45,03:32:59,639,03:32:40,cpgx,2
133.06,17.19,17.08,132.82,03:33:19,640,03:33:00,cpgx,2
133.19,17.12,17.055,133.1,03:33:39,641,03:33:20,cpgx,2
133.25,17.64,17.065,133.21,03:33:59,642,03:33:40,cpgx,2
133.06,17.39,17.17,133.32,03:34:19,643,03:34:00,cpgx,2
133.97,17.24,17.145,133.13,03:34:39,644,03:34:20,cpgx,2
133.47,17.43,17.19,133.8,03:34:59,645,03:34:40,cpgx,2
133.17,17.41,17.305,133.394,03:35:19,646,03:35:00,cpgx,2
132.86,17.4,17.34,133.1,03:35:39,647,03:35:20,cpgx,2
132.65,17.4,17.34,132.87,03:35:59,648,03:35:40,cpgx,2
132.76,17.4,17.35,132.71,03:36:19,649,03:36:00,cpgx,2
132.76,17.45,17.39,132.667,03:36:39,650,03:36:20,cpgx,2
133.47,17.54,17.43,132.754,03:36:59,651,03:36:40,cpgx,2
133.59,17.59,17.51,133.43,03:37:19,652,03:37:00,cpgx,2
133.737,17.54,17.465,133.64,03:37:39,653,03:37:20,cpgx,2
133.54,17.55,17.48,133.706,03:37:59,654,03:37:40,cpgx,2
133.18,17.48,17.37,133.4,03:38:19,655,03:38:00,cpgx,2
133.46,17.45,17.36,133.17,03:38:39,656,03:38:20,cpgx,2
133.483,17.41,17.37,133.474,03:38:59,657,03:38:40,cpgx,2
133.26,17.5,17.36,133.48,03:39:19,658,03:39:00,cpgx,2
133.11,17.61,17.45,133.242,03:39:39,659,03:39:20,cpgx,2
133.07,17.69,17.5875,133.058,03:39:59,660,03:39:40,cpgx,2
133.15,17.8,17.59,133.07,03:40:19,661,03:40:00,cpgx,2
133.58,17.89,17.66,133.15,03:40:39,662,03:40:20,cpgx,2
133.73,17.87,17.46,133.58,03:40:59,663,03:40:40,cpgx,2
132.95,17.51,17.39,132.77,03:41:19,664,03:41:00,cpgx,2
132.75,17.47,17.2,132.865,03:41:39,665,03:41:20,cpgx,2
133.19,17.23,17.08,132.755,03:41:59,666,03:41:40,cpgx,2
133.11,17.11,16.96,133.09,03:42:19,667,03:42:00,cpgx,2
132.8,17.18,17.05,133.13,03:42:39,668,03:42:20,cpgx,2
132.92,17.2,17.12,132.78,03:42:59,669,03:42:40,cpgx,2
132.93,17.14,17.115,132.99,03:43:19,670,03:43:00,cpgx,2
132.96,17.15,17.11,132.84,03:43:39,671,03:43:20,cpgx,2
133.0,17.215,17.13,132.983,03:43:59,672,03:43:40,cpgx,2
132.85,17.28,17.19,133.0,03:44:19,673,03:44:00,cpgx,2
132.4,17.28,17.16,132.81,03:44:39,674,03:44:20,cpgx,2
132.4,17.3,17.205,132.37,03:44:59,675,03:44:40,cpgx,2
132.45,17.26,17.19,132.396,03:45:19,676,03:45:00,cpgx,2
132.53,17.2,17.07,132.465,03:45:39,677,03:45:20,cpgx,2
132.63,17.09,16.97,132.46,03:45:59,678,03:45:40,cpgx,2
132.56,16.98,16.92,132.65,03:46:19,679,03:46:00,cpgx,2
132.386,17.1,16.95,132.57,03:46:39,680,03:46:20,cpgx,2
132.12,16.99,16.64,132.2,03:46:59,681,03:46:40,cpgx,2
132.57,16.75,16.62,132.1,03:47:19,682,03:47:00,cpgx,2
130.62,16.71,16.635,132.62,03:47:39,683,03:47:20,cpgx,2
130.068,16.815,16.66,130.45,03:47:59,684,03:47:40,cpgx,2
130.32,16.77,16.66,129.91,03:48:19,685,03:48:00,cpgx,2
130.75,16.76,16.67,130.24,03:48:39,686,03:48:20,cpgx,2
130.7,16.92,16.695,130.63,03:48:59,687,03:48:40,cpgx,2
130.42,16.95,16.89,130.82,03:49:19,688,03:49:00,cpgx,2
130.78,17.1175,16.945,130.48,03:49:39,689,03:49:20,cpgx,2
131.359,17.12,17.04,130.81,03:49:59,690,03:49:40,cpgx,2
131.52,17.135,17.07,131.38,03:50:19,691,03:50:00,cpgx,2
131.26,17.16,17.12,131.53,03:50:39,692,03:50:20,cpgx,2
131.36,17.165,17.105,131.305,03:50:59,693,03:50:40,cpgx,2
131.3,17.23,17.135,131.33,03:51:19,694,03:51:00,cpgx,2
131.24,17.29,17.215,131.285,03:51:39,695,03:51:20,cpgx,2
131.5,17.325,17.26,131.268,03:51:59,696,03:51:40,cpgx,2
131.65,17.26,17.18,131.46,03:52:19,697,03:52:00,cpgx,2
131.96,17.26,17.22,131.68,03:52:39,698,03:52:20,cpgx,2
132.2,17.25,17.21,132.0,03:52:59,699,03:52:40,cpgx,2
133.03,17.3,17.11,132.13,03:53:19,700,03:53:00,cpgx,2
133.14,17.19,16.99,132.98,03:53:39,701,03:53:20,cpgx,2
132.905,17.22,17.12,133.14,03:53:59,702,03:53:40,cpgx,2
132.2,17.26,17.08,133.29,03:54:19,703,03:54:00,cpgx,2
131.35,17.175,17.08,132.16,03:54:39,704,03:54:20,cpgx,2
131.361,17.08,17.04,131.25,03:54:59,705,03:54:40,cpgx,2
131.39,17.2,17.05,131.31,03:55:19,706,03:55:00,cpgx,2
131.2,17.21,17.13,131.394,03:55:39,707,03:55:20,cpgx,2
131.605,17.175,17.1,131.27,03:55:59,708,03:55:40,cpgx,2
131.72,17.19,17.14,131.47,03:56:19,709,03:56:00,cpgx,2
132.5,17.24,17.17,131.71,03:56:39,710,03:56:20,cpgx,2
132.62,17.32,17.2,132.5,03:56:59,711,03:56:40,cpgx,2
132.61,17.46,17.305,132.59,03:57:19,712,03:57:00,cpgx,2
133.01,17.48,17.42,132.62,03:57:39,713,03:57:20,cpgx,2
133.211,17.46,17.41,133.04,03:57:59,714,03:57:40,cpgx,2
133.404,17.46,17.39,133.24,03:58:19,715,03:58:00,cpgx,2
133.58,17.49,17.42,133.437,03:58:39,716,03:58:20,cpgx,2
133.55,17.51,17.44,133.59,03:58:59,717,03:58:40,cpgx,2
133.62,17.53,17.46,133.61,03:59:19,718,03:59:00,cpgx,2
133.78,17.89,17.515,133.6,03:59:39,719,03:59:20,cpgx,2
133.48,17.91,17.65,133.77,03:59:59,720,03:59:40,cpgx,2
134.173,17.94,17.77,133.36,04:00:19,721,04:00:00,cpgx,2
133.54,17.98,17.88,134.25,04:00:39,722,04:00:20,cpgx,2
132.86,17.98,17.86,133.83,04:00:59,723,04:00:40,cpgx,2
132.69,18.03,17.91,133.12,04:01:19,724,04:01:00,cpgx,2
133.56,18.07,17.98,132.83,04:01:39,725,04:01:20,cpgx,2
133.54,18.1,17.98,133.5,04:01:59,726,04:01:40,cpgx,2
133.24,18.13,18.03,133.6,04:02:19,727,04:02:00,cpgx,2
132.545,18.18,18.11,133.27,04:02:39,728,04:02:20,cpgx,2
132.55,18.1,18.04,132.54,04:02:59,729,04:02:40,cpgx,2
132.76,18.08,18.04,132.55,04:03:19,730,04:03:00,cpgx,2
132.7,18.09,18.03,132.75,04:03:39,731,04:03:20,cpgx,2
132.66,18.06,18.03,132.71,04:03:59,732,04:03:40,cpgx,2
132.7,18.06,18.01,132.73,04:04:19,733,04:04:00,cpgx,2
132.644,18.03,18.0,132.7,04:04:39,734,04:04:20,cpgx,2
132.23,18.05,18.0,132.58,04:04:59,735,04:04:40,cpgx,2
132.52,18.01,17.98,132.23,04:05:19,736,04:05:00,cpgx,2
132.395,18.025,17.985,132.48,04:05:39,737,04:05:20,cpgx,2
132.2,18.18,17.985,132.323,04:05:59,738,04:05:40,cpgx,2
132.48,18.37,18.07,132.18,04:06:19,739,04:06:00,cpgx,2
132.03,18.295,18.16,132.575,04:06:39,740,04:06:20,cpgx,2
132.03,18.22,18.135,132.05,04:06:59,741,04:06:40,cpgx,2
132.23,18.225,18.075,132.14,04:07:19,742,04:07:00,cpgx,2
132.09,18.29,18.205,132.17,04:07:39,743,04:07:20,cpgx,2
132.13,18.275,18.04,132.1,04:07:59,744,04:07:40,cpgx,2
132.3,18.22,18.015,132.179,04:08:19,745,04:08:00,cpgx,2
132.66,18.215,18.11,132.28,04:08:39,746,04:08:20,cpgx,2
132.767,18.15,18.02,132.46,04:08:59,747,04:08:40,cpgx,2
132.834,18.02,17.815,132.66,04:09:19,748,04:09:00,cpgx,2
132.57,18.1,17.88,132.81,04:09:39,749,04:09:20,cpgx,2
132.32,18.2,18.11,132.53,04:09:59,750,04:09:40,cpgx,2
132.3,18.25,18.17,132.33,04:10:19,751,04:10:00,cpgx,2
132.21,18.26,18.17,132.27,04:10:39,752,04:10:20,cpgx,2
132.18,18.21,18.06,132.23,04:10:59,753,04:10:40,cpgx,2
132.028,18.22,18.075,132.15,04:11:19,754,04:11:00,cpgx,2
131.65,18.26,18.18,132.06,04:11:39,755,04:11:20,cpgx,2
131.24,18.19,18.12,131.6,04:11:59,756,04:11:40,cpgx,2
131.38,18.26,18.175,131.45,04:12:19,757,04:12:00,cpgx,2
131.21,18.32,17.96,131.5,04:12:39,758,04:12:20,cpgx,2
131.26,18.05,17.87,131.14,04:12:59,759,04:12:40,cpgx,2
131.28,18.05,17.89,131.35,04:13:19,760,04:13:00,cpgx,2
132.62,17.92,17.84,131.24,04:13:39,761,04:13:20,cpgx,2
132.321,17.85,17.7,132.6,04:13:59,762,04:13:40,cpgx,2
132.62,17.78,17.7,132.37,04:14:19,763,04:14:00,cpgx,2
133.8,18.03,17.72,132.75,04:14:39,764,04:14:20,cpgx,2
133.68,18.05,17.915,133.78,04:14:59,765,04:14:40,cpgx,2
134.2,17.91,17.86,133.72,04:15:19,766,04:15:00,cpgx,2
134.41,17.9199,17.87,134.29,04:15:39,767,04:15:20,cpgx,2
134.03,18.025,17.93,134.442,04:15:59,768,04:15:40,cpgx,2
134.11,18.065,18.0,134.02,04:16:19,769,04:16:00,cpgx,2
134.0,18.08,18.05,134.18,04:16:39,770,04:16:20,cpgx,2
134.19,18.11,18.05,133.994,04:16:59,771,04:16:40,cpgx,2
134.25,18.05,17.905,134.3,04:17:19,772,04:17:00,cpgx,2
134.458,17.93,17.88,134.24,04:17:39,773,04:17:20,cpgx,2
134.35,17.99,17.92,134.44,04:17:59,774,04:17:40,cpgx,2
134.28,17.99,17.95,134.37,04:18:19,775,04:18:00,cpgx,2
134.16,18.01,17.95,134.3,04:18:39,776,04:18:20,cpgx,2
134.38,18.1,17.96,134.127,04:18:59,777,04:18:40,cpgx,2
134.14,18.17,18.066,134.38,04:19:19,778,04:19:00,cpgx,2
134.06,18.25,18.1,134.01,04:19:39,779,04:19:20,cpgx,2
134.14,18.23,18.035,134.011,04:19:59,780,04:19:40,cpgx,2
133.75,18.24,18.0,133.7,04:20:19,781,04:20:00,cpgx,2
133.995,18.49,18.23,133.742,04:20:39,782,04:20:20,cpgx,2
134.13,18.6,18.5,133.95,04:20:59,783,04:20:40,cpgx,2
134.01,18.555,18.5,134.26,04:21:19,784,04:21:00,cpgx,2
135.42,18.63,18.5,134.09,04:21:39,785,04:21:20,cpgx,2
135.66,18.7,18.63,135.31,04:21:59,786,04:21:40,cpgx,2
136.07,18.79,18.67,135.69,04:22:19,787,04:22:00,cpgx,2
135.75,18.85,18.76,136.08,04:22:39,788,04:22:20,cpgx,2
135.86,18.92,18.8,135.7,04:22:59,789,04:22:40,cpgx,2
136.215,18.92,18.855,135.93,04:23:19,790,04:23:00,cpgx,2
136.14,19.005,18.91,136.22,04:23:39,791,04:23:20,cpgx,2
136.68,19.07,18.97,136.178,04:23:59,792,04:23:40,cpgx,2
137.37,19.14,19.07,136.77,04:24:19,793,04:24:00,cpgx,2
136.41,19.24,19.115,137.36,04:24:39,794,04:24:20,cpgx,2
136.51,19.285,19.18,136.433,04:24:59,795,04:24:40,cpgx,2
137.0,19.27,19.18,136.4,04:25:19,796,04:25:00,cpgx,2
136.65,19.24,19.09,137.02,04:25:39,797,04:25:20,cpgx,2
136.85,19.3201,19.25,136.7,04:25:59,798,04:25:40,cpgx,2
136.52,19.56,19.26,136.87,04:26:19,799,04:26:00,cpgx,2
137.7,19.59,19.4732,136.52,04:26:39,800,04:26:20,cpgx,2
137.026,19.66,19.54,137.51,04:26:59,801,04:26:40,cpgx,2
136.13,19.6399,19.56,136.81,04:27:19,802,04:27:00,cpgx,2
136.97,19.66,19.54,136.16,04:27:39,803,04:27:20,cpgx,2
137.317,19.64,19.58,136.94,04:27:59,804,04:27:40,cpgx,2
137.37,19.64,19.58,137.1,04:28:19,805,04:28:00,cpgx,2
137.25,19.67,19.6,137.39,04:28:39,806,04:28:20,cpgx,2
137.35,19.71,19.64,137.33,04:28:59,807,04:28:40,cpgx,2
136.81,19.765,19.67,137.4,04:29:19,808,04:29:00,cpgx,2
136.98,19.72,19.655,136.75,04:29:39,809,04:29:20,cpgx,2
136.987,19.74,19.7,137.01,04:29:59,810,04:29:40,cpgx,2
136.99,19.77,19.7,136.993,04:30:19,811,04:30:00,cpgx,2
136.95,19.82,19.76,136.954,04:30:39,812,04:30:20,cpgx,2
136.907,19.82,19.78,136.935,04:30:59,813,04:30:40,cpgx,2
137.13,19.84,19.78,136.98,04:31:19,814,04:31:00,cpgx,2
137.12,19.81,19.78,137.109,04:31:39,815,04:31:20,cpgx,2
137.472,20.2,19.79,137.27,04:31:59,816,04:31:40,cpgx,2
137.311,20.08,19.7726,137.25,04:32:19,817,04:32:00,cpgx,2
137.57,19.94,19.78,137.26,04:32:39,818,04:32:20,cpgx,2
137.84,19.9399,19.85,137.6,04:32:59,819,04:32:40,cpgx,2
138.09,19.98,19.9,137.535,04:33:19,820,04:33:00,cpgx,2
138.28,20.0,19.93,138.07,04:33:39,821,04:33:20,cpgx,2
138.35,20.05,19.94,138.221,04:33:59,822,04:33:40,cpgx,2
138.968,20.1,20.04,138.41,04:34:19,823,04:34:00,cpgx,2
139.33,20.14,20.0101,138.91,04:34:39,824,04:34:20,cpgx,2
139.22,20.03,19.965,139.24,04:34:59,825,04:34:40,cpgx,2
138.44,20.07,19.97,139.33,04:35:19,826,04:35:00,cpgx,2
138.48,20.0749,19.78,138.37,04:35:39,827,04:35:20,cpgx,2
137.989,19.81,19.68,138.411,04:35:59,828,04:35:40,cpgx,2
137.81,19.735,19.67,137.99,04:36:19,829,04:36:00,cpgx,2
137.98,19.74,19.66,137.89,04:36:39,830,04:36:20,cpgx,2
138.384,19.72,19.38,138.078,04:36:59,831,04:36:40,cpgx,2
138.35,19.42,19.2668,138.39,04:37:19,832,04:37:00,cpgx,2
138.1,19.5,19.36,138.36,04:37:39,833,04:37:20,cpgx,2
137.67,19.51,19.44,138.09,04:37:59,834,04:37:40,cpgx,2
137.42,19.78,19.51,137.67,04:38:19,835,04:38:00,cpgx,2
137.385,19.97,19.7,137.405,04:38:39,836,04:38:20,cpgx,2
137.66,19.97,19.85,137.43,04:38:59,837,04:38:40,cpgx,2
137.87,19.93,19.7462,137.64,04:39:19,838,04:39:00,cpgx,2
137.0,19.89,19.73,137.79,04:39:39,839,04:39:20,cpgx,2
137.71,19.96,19.7969,137.095,04:39:59,840,04:39:40,cpgx,2
138.31,19.79,19.67,137.64,04:40:19,841,04:40:00,cpgx,2
139.16,19.75,19.65,138.41,04:40:39,842,04:40:20,cpgx,2
139.05,19.7,19.6,139.13,04:40:59,843,04:40:40,cpgx,2
139.14,19.67,19.61,138.99,04:41:19,844,04:41:00,cpgx,2
139.57,19.63,19.58,139.09,04:41:39,845,04:41:20,cpgx,2
139.68,19.65,19.59,139.69,04:41:59,846,04:41:40,cpgx,2
140.01,19.6,19.545,139.64,04:42:19,847,04:42:00,cpgx,2
140.45,19.67,19.61,140.06,04:42:39,848,04:42:20,cpgx,2
140.41,19.67,19.5799,140.47,04:42:59,849,04:42:40,cpgx,2
140.28,19.6,19.54,140.39,04:43:19,850,04:43:00,cpgx,2
140.414,19.59,19.5072,140.317,04:43:39,851,04:43:20,cpgx,2
140.38,19.6275,19.59,140.46,04:43:59,852,04:43:40,cpgx,2
140.28,19.62,19.55,140.32,04:44:19,853,04:44:00,cpgx,2
139.59,19.71,19.58,140.27,04:44:39,854,04:44:20,cpgx,2
139.44,19.74,19.34,139.578,04:44:59,855,04:44:40,cpgx,2
139.85,19.47,19.14,139.421,04:45:19,856,04:45:00,cpgx,2
140.404,19.34,19.23,139.89,04:45:39,857,04:45:20,cpgx,2
140.03,19.35,19.17,140.4,04:45:59,858,04:45:40,cpgx,2
139.97,19.21,19.06,139.39,04:46:19,859,04:46:00,cpgx,2
139.64,19.27,19.14,139.99,04:46:39,860,04:46:20,cpgx,2
138.52,19.27,19.1,139.36,04:46:59,861,04:46:40,cpgx,2
137.9,19.16,19.02,138.2,04:47:19,862,04:47:00,cpgx,2
138.19,19.1,19.04,137.89,04:47:39,863,04:47:20,cpgx,2
138.91,19.11,19.04,138.11,04:47:59,864,04:47:40,cpgx,2
138.92,19.1,19.06,138.85,04:48:19,865,04:48:00,cpgx,2
139.36,19.16,19.08,138.878,04:48:39,866,04:48:20,cpgx,2
139.75,19.27,19.15,139.35,04:48:59,867,04:48:40,cpgx,2
140.0,19.34,19.25,139.75,04:49:19,868,04:49:00,cpgx,2
140.24,19.43,19.34,140.15,04:49:39,869,04:49:20,cpgx,2
139.97,19.39,19.3272,140.27,04:49:59,870,04:49:40,cpgx,2
139.92,19.34,19.2,140.03,04:50:19,871,04:50:00,cpgx,2
140.23,19.22,19.07,139.89,04:50:39,872,04:50:20,cpgx,2
139.93,19.045,18.975,140.19,04:50:59,873,04:50:40,cpgx,2
139.89,19.27,18.92,139.94,04:51:19,874,04:51:00,cpgx,2
139.8,19.28,19.06,139.81,04:51:39,875,04:51:20,cpgx,2
138.95,19.47,19.32,139.728,04:51:59,876,04:51:40,cpgx,2
139.1,19.6,19.4,138.935,04:52:19,877,04:52:00,cpgx,2
140.36,19.63,19.47,139.07,04:52:39,878,04:52:20,cpgx,2
141.11,19.59,19.48,140.43,04:52:59,879,04:52:40,cpgx,2
141.77,19.625,19.54,141.33,04:53:19,880,04:53:00,cpgx,2
141.57,19.5899,19.53,141.81,04:53:39,881,04:53:20,cpgx,2
140.93,19.6,19.56,141.605,04:53:59,882,04:53:40,cpgx,2
141.15,19.65,19.59,140.85,04:54:19,883,04:54:00,cpgx,2
141.537,19.59,19.49,141.19,04:54:39,884,04:54:20,cpgx,2
141.52,19.5,19.43,141.65,04:54:59,885,04:54:40,cpgx,2
141.33,19.44,19.35,141.45,04:55:19,886,04:55:00,cpgx,2
141.29,19.47,19.37,141.41,04:55:39,887,04:55:20,cpgx,2
141.15,19.555,19.49,141.34,04:55:59,888,04:55:40,cpgx,2
140.52,19.53,19.5,141.1,04:56:19,889,04:56:00,cpgx,2
140.69,19.615,19.51,140.64,04:56:39,890,04:56:20,cpgx,2
140.66,19.65,19.59,140.624,04:56:59,891,04:56:40,cpgx,2
140.529,19.71,19.62,140.63,04:57:19,892,04:57:00,cpgx,2
140.29,19.76,19.66,140.48,04:57:39,893,04:57:20,cpgx,2
140.4,19.82,19.59,140.27,04:57:59,894,04:57:40,cpgx,2
140.368,19.82,19.68,140.41,04:58:19,895,04:58:00,cpgx,2
140.35,19.76,19.64,140.33,04:58:39,896,04:58:20,cpgx,2
140.26,19.625,19.5,140.34,04:58:59,897,04:58:40,cpgx,2
141.22,19.58,19.49,141.24,04:59:19,898,04:59:00,cpgx,2
141.07,21.53,19.55,141.36,04:59:39,899,04:59:20,cpgx,2
140.14,22.65,21.57,141.05,04:59:59,900,04:59:40,cpgx,2
139.71,23.16,22.25,140.05,05:00:19,901,05:00:00,cpgx,2
139.22,22.78,22.5,139.46,05:00:39,902,05:00:20,cpgx,2
139.05,22.98,22.71,139.23,05:00:59,903,05:00:40,cpgx,2
139.19,23.0721,22.79,139.13,05:01:19,904,05:01:00,cpgx,2
139.38,23.14,22.995,139.26,05:01:39,905,05:01:20,cpgx,2
138.912,23.1197,23.0,139.47,05:01:59,906,05:01:40,cpgx,2
138.42,23.02,22.73,138.93,05:02:19,907,05:02:00,cpgx,2
138.3,22.83,22.65,138.331,05:02:39,908,05:02:20,cpgx,2
138.59,22.751,22.66,138.327,05:02:59,909,05:02:40,cpgx,2
138.85,22.92,22.7,138.65,05:03:19,910,05:03:00,cpgx,2
138.87,23.1,20.97,138.94,05:03:39,911,05:03:20,cpgx,2
139.121,21.58,20.735,138.83,05:03:59,912,05:03:40,cpgx,2
139.69,22.86,21.75,139.15,05:04:19,913,05:04:00,cpgx,2
139.66,22.77,22.5,139.795,05:04:39,914,05:04:20,cpgx,2
140.213,22.76,22.6,139.657,05:04:59,915,05:04:40,cpgx,2
139.81,22.64,22.49,140.24,05:05:19,916,05:05:00,cpgx,2
140.85,22.705,22.595,139.77,05:05:39,917,05:05:20,cpgx,2
141.3,22.67,22.625,140.98,05:05:59,918,05:05:40,cpgx,2
141.17,22.85,22.655,141.26,05:06:19,919,05:06:00,cpgx,2
141.8,22.92,22.8,141.36,05:06:39,920,05:06:20,cpgx,2
141.67,22.9,22.8,141.8,05:06:59,921,05:06:40,cpgx,2
141.932,23.135,22.86,141.65,05:07:19,922,05:07:00,cpgx,2
142.4,23.3,23.055,141.94,05:07:39,923,05:07:20,cpgx,2
142.71,23.22,23.015,142.44,05:07:59,924,05:07:40,cpgx,2
142.9,23.07,22.73,142.78,05:08:19,925,05:08:00,cpgx,2
142.53,22.9,22.77,142.9,05:08:39,926,05:08:20,cpgx,2
142.12,22.86,22.75,142.41,05:08:59,927,05:08:40,cpgx,2
142.2,22.77,22.61,142.101,05:09:19,928,05:09:00,cpgx,2
142.036,22.77,22.535,142.22,05:09:39,929,05:09:20,cpgx,2
142.21,22.8,22.7233,142.0,05:09:59,930,05:09:40,cpgx,2
142.14,23.02,22.76,142.26,05:10:19,931,05:10:00,cpgx,2
141.6,23.01,22.77,142.12,05:10:39,932,05:10:20,cpgx,2
141.75,22.79,22.574,141.52,05:10:59,933,05:10:40,cpgx,2
142.09,23.0261,22.81,141.68,05:11:19,934,05:11:00,cpgx,2
142.15,23.05,22.88,142.15,05:11:39,935,05:11:20,cpgx,2
142.23,22.96,22.83,142.15,05:11:59,936,05:11:40,cpgx,2
141.74,22.945,22.69,142.32,05:12:19,937,05:12:00,cpgx,2
141.37,22.99,22.93,141.54,05:12:39,938,05:12:20,cpgx,2
141.34,23.0,22.89,141.46,05:12:59,939,05:12:40,cpgx,2
142.25,22.91,22.73,141.381,05:13:19,940,05:13:00,cpgx,2
141.585,22.99,22.77,142.2,05:13:39,941,05:13:20,cpgx,2
142.24,23.03,22.97,141.54,05:13:59,942,05:13:40,cpgx,2
142.16,23.08,23.0,142.22,05:14:19,943,05:14:00,cpgx,2
142.28,23.14,22.99,142.11,05:14:39,944,05:14:20,cpgx,2
142.4,23.16,23.08,142.34,05:14:59,945,05:14:40,cpgx,2
142.57,23.145,23.05,142.43,05:15:19,946,05:15:00,cpgx,2
142.7,23.075,23.04,142.59,05:15:39,947,05:15:20,cpgx,2
142.904,23.11,23.03,142.79,05:15:59,948,05:15:40,cpgx,2
142.9,23.1071,23.02,142.8,05:16:19,949,05:16:00,cpgx,2
142.76,23.07,22.97,142.89,05:16:39,950,05:16:20,cpgx,2
142.96,22.98,22.84,142.73,05:16:59,951,05:16:40,cpgx,2
143.13,22.9,22.56,142.98,05:17:19,952,05:17:00,cpgx,2
142.97,22.63,22.47,143.18,05:17:39,953,05:17:20,cpgx,2
143.0,22.61,22.45,142.97,05:17:59,954,05:17:40,cpgx,2
143.03,22.6,22.46,143.01,05:18:19,955,05:18:00,cpgx,2
141.95,22.535,22.455,142.98,05:18:39,956,05:18:20,cpgx,2
142.61,22.58,22.475,141.86,05:18:59,957,05:18:40,cpgx,2
142.66,22.56,22.495,142.61,05:19:19,958,05:19:00,cpgx,2
143.27,22.53,22.48,142.53,05:19:39,959,05:19:20,cpgx,2
143.13,22.51,22.47,143.17,05:19:59,960,05:19:40,cpgx,2
142.75,22.575,22.475,143.123,05:20:19,961,05:20:00,cpgx,2
142.79,22.58,22.55,142.85,05:20:39,962,05:20:20,cpgx,2
142.57,22.79,22.57,142.73,05:20:59,963,05:20:40,cpgx,2
142.53,22.81,22.72,142.57,05:21:19,964,05:21:00,cpgx,2
142.535,22.77,22.74,142.56,05:21:39,965,05:21:20,cpgx,2
142.66,22.95,22.775,142.53,05:21:59,966,05:21:40,cpgx,2
142.85,23.0,22.89,142.62,05:22:19,967,05:22:00,cpgx,2
142.8,22.945,22.86,142.83,05:22:39,968,05:22:20,cpgx,2
142.745,23.03,22.96,142.84,05:22:59,969,05:22:40,cpgx,2
142.85,23.02,22.9801,142.78,05:23:19,970,05:23:00,cpgx,2
143.09,23.03,22.9,142.89,05:23:39,971,05:23:20,cpgx,2
142.85,23.02,22.9,143.07,05:23:59,972,05:23:40,cpgx,2
142.85,23.02,22.92,142.88,05:24:19,973,05:24:00,cpgx,2
142.65,23.14,22.97,142.86,05:24:39,974,05:24:20,cpgx,2
142.75,23.14,23.03,142.64,05:24:59,975,05:24:40,cpgx,2
142.84,23.1,22.965,142.62,05:25:19,976,05:25:00,cpgx,2
143.26,23.12,22.99,142.88,05:25:39,977,05:25:20,cpgx,2
143.26,23.36,23.14,143.16,05:25:59,978,05:25:40,cpgx,2
143.39,23.52,23.25,143.27,05:26:19,979,05:26:00,cpgx,2
143.387,23.58,23.355,143.415,05:26:39,980,05:26:20,cpgx,2
143.47,23.38,23.13,143.3,05:26:59,981,05:26:40,cpgx,2
143.53,23.2,23.0,143.45,05:27:19,982,05:27:00,cpgx,2
143.49,23.0939,22.965,143.57,05:27:39,983,05:27:20,cpgx,2
143.54,23.04,22.93,143.461,05:27:59,984,05:27:40,cpgx,2
143.47,23.19,22.96,143.52,05:28:19,985,05:28:00,cpgx,2
143.53,23.06,22.96,143.39,05:28:39,986,05:28:20,cpgx,2
143.84,23.05,22.91,143.57,05:28:59,987,05:28:40,cpgx,2
143.91,23.02,22.92,143.85,05:29:19,988,05:29:00,cpgx,2
144.33,23.06,22.94,143.85,05:29:39,989,05:29:20,cpgx,2
144.479,23.09,22.88,144.472,05:29:59,990,05:29:40,cpgx,2
144.6,23.66,23.2,144.54,05:30:19,991,05:30:00,cpgx,2
144.534,23.8,23.61,144.66,05:30:39,992,05:30:20,cpgx,2
144.559,23.76,23.48,144.58,05:30:59,993,05:30:40,cpgx,2
144.85,23.8,23.69,144.49,05:31:19,994,05:31:00,cpgx,2
145.507,23.74,23.67,144.87,05:31:39,995,05:31:20,cpgx,2
145.83,23.73,23.63,145.45,05:31:59,996,05:31:40,cpgx,2
146.21,23.78,23.68,145.85,05:32:19,997,05:32:00,cpgx,2
146.26,23.8,23.71,146.18,05:32:39,998,05:32:20,cpgx,2
146.62,23.76,23.59,146.32,05:32:59,999,05:32:40,cpgx,2
146.97,23.79,23.69,146.88,05:33:19,1000,05:33:00,cpgx,2
146.25,24.01,23.78,146.9,05:33:39,1001,05:33:20,cpgx,2
146.22,24.03,23.87,146.14,05:33:59,1002,05:33:40,cpgx,2
146.23,23.85,23.65,146.17,05:34:19,1003,05:34:00,cpgx,2
146.42,23.68,23.49,146.28,05:34:39,1004,05:34:20,cpgx,2
146.29,23.56,23.45,146.4,05:34:59,1005,05:34:40,cpgx,2
146.04,23.56,23.48,146.33,05:35:19,1006,05:35:00,cpgx,2
146.119,23.58,23.525,146.029,05:35:39,1007,05:35:20,cpgx,2
146.39,23.56,23.52,146.16,05:35:59,1008,05:35:40,cpgx,2
146.67,23.57,23.5,146.44,05:36:19,1009,05:36:00,cpgx,2
146.66,25.16,23.5,146.69,05:36:39,1010,05:36:20,cpgx,2
146.77,25.065,24.96,146.558,05:36:59,1011,05:36:40,cpgx,2
146.85,25.02,24.97,146.72,05:37:19,1012,05:37:00,cpgx,2
147.24,24.99,24.91,146.94,05:37:39,1013,05:37:20,cpgx,2
147.14,24.9,24.86,147.21,05:37:59,1014,05:37:40,cpgx,2
146.36,24.87,24.848,147.4,05:38:19,1015,05:38:00,cpgx,2
146.67,24.86,24.74,146.37,05:38:39,1016,05:38:20,cpgx,2
145.88,24.82,24.76,146.48,05:38:59,1017,05:38:40,cpgx,2
146.0,24.9,24.81,145.79,05:39:19,1018,05:39:00,cpgx,2
145.82,24.885,24.81,145.84,05:39:39,1019,05:39:20,cpgx,2
146.16,24.85,24.82,145.882,05:39:59,1020,05:39:40,cpgx,2
146.395,24.85,24.82,146.16,05:40:19,1021,05:40:00,cpgx,2
146.57,24.85,24.84,146.405,05:40:39,1022,05:40:20,cpgx,2
146.79,24.85,24.83,146.559,05:40:59,1023,05:40:40,cpgx,2
146.89,24.95,24.835,146.748,05:41:19,1024,05:41:00,cpgx,2
146.86,24.9424,24.905,146.89,05:41:39,1025,05:41:20,cpgx,2
146.62,24.93,24.89,146.88,05:41:59,1026,05:41:40,cpgx,2
146.683,24.925,24.89,146.65,05:42:19,1027,05:42:00,cpgx,2
146.86,24.9,24.895,146.72,05:42:39,1028,05:42:20,cpgx,2
147.02,24.9,24.83,146.86,05:42:59,1029,05:42:40,cpgx,2
146.925,25.02,24.855,146.98,05:43:19,1030,05:43:00,cpgx,2
147.16,25.0938,25.0,146.97,05:43:39,1031,05:43:20,cpgx,2
147.4,25.05,25.005,147.166,05:43:59,1032,05:43:40,cpgx,2
147.095,25.03,25.01,147.4,05:44:19,1033,05:44:00,cpgx,2
146.86,25.02,25.01,147.12,05:44:39,1034,05:44:20,cpgx,2
147.9,25.02,25.0,146.94,05:44:59,1035,05:44:40,cpgx,2
147.5,25.02,25.01,147.84,05:45:19,1036,05:45:00,cpgx,2
147.46,25.02,25.01,147.56,05:45:39,1037,05:45:20,cpgx,2
147.5,25.02,25.01,147.46,05:45:59,1038,05:45:40,cpgx,2
147.91,25.02,25.01,147.4,05:46:19,1039,05:46:00,cpgx,2
147.81,25.02,25.01,147.89,05:46:39,1040,05:46:20,cpgx,2
147.82,25.02,25.01,147.82,05:46:59,1041,05:46:40,cpgx,2
147.715,25.02,25.01,147.803,05:47:19,1042,05:47:00,cpgx,2
148.02,25.1,25.015,147.7,05:47:39,1043,05:47:20,cpgx,2
147.99,25.08,25.03,148.01,05:47:59,1044,05:47:40,cpgx,2
148.26,25.06,25.015,148.06,05:48:19,1045,05:48:00,cpgx,2
148.124,25.065,25.025,148.29,05:48:39,1046,05:48:20,cpgx,2
148.166,25.05,25.02,148.05,05:48:59,1047,05:48:40,cpgx,2
148.3,25.05,25.02,148.14,05:49:19,1048,05:49:00,cpgx,2
148.498,25.09,25.02,148.26,05:49:39,1049,05:49:20,cpgx,2
148.37,25.07,25.03,148.55,05:49:59,1050,05:49:40,cpgx,2
148.38,25.06,25.02,148.38,05:50:19,1051,05:50:00,cpgx,2
148.37,25.05,25.03,148.44,05:50:39,1052,05:50:20,cpgx,2
148.57,25.05,25.025,148.39,05:50:59,1053,05:50:40,cpgx,2
148.64,25.05,25.04,148.63,05:51:19,1054,05:51:00,cpgx,2
149.0,25.045,25.03,148.64,05:51:39,1055,05:51:20,cpgx,2
148.915,25.04,25.035,149.01,05:51:59,1056,05:51:40,cpgx,2
148.84,25.04,25.03,148.78,05:52:19,1057,05:52:00,cpgx,2
148.88,25.05,25.03,148.872,05:52:39,1058,05:52:20,cpgx,2
148.95,25.06,25.045,148.893,05:52:59,1059,05:52:40,cpgx,2
148.77,25.06,25.05,148.94,05:53:19,1060,05:53:00,cpgx,2
148.51,25.06,25.05,148.78,05:53:39,1061,05:53:20,cpgx,2
148.6,25.06,25.04,148.51,05:53:59,1062,05:53:40,cpgx,2
148.595,25.06,25.03,148.6,05:54:19,1063,05:54:00,cpgx,2
148.7,25.035,25.03,148.56,05:54:39,1064,05:54:20,cpgx,2
148.512,25.04,25.03,148.62,05:54:59,1065,05:54:40,cpgx,2
148.38,25.04,25.01,148.55,05:55:19,1066,05:55:00,cpgx,2
148.48,25.03,25.0,148.4,05:55:39,1067,05:55:20,cpgx,2
148.553,25.03,24.97,148.424,05:55:59,1068,05:55:40,cpgx,2
148.61,25.03,24.98,148.54,05:56:19,1069,05:56:00,cpgx,2
148.27,25.01,24.99,148.6,05:56:39,1070,05:56:20,cpgx,2
148.07,25.05,25.0,148.275,05:56:59,1071,05:56:40,cpgx,2
148.095,25.04,25.0,148.1,05:57:19,1072,05:57:00,cpgx,2
147.38,25.05,25.02,148.15,05:57:39,1073,05:57:20,cpgx,2
147.358,25.025,25.01,147.5,05:57:59,1074,05:57:40,cpgx,2
147.23,25.03,25.01,147.38,05:58:19,1075,05:58:00,cpgx,2
146.83,25.04,25.03,147.25,05:58:39,1076,05:58:20,cpgx,2
146.99,25.04,25.02,146.94,05:58:59,1077,05:58:40,cpgx,2
146.37,25.03,25.01,146.951,05:59:19,1078,05:59:00,cpgx,2
145.9,25.03,25.015,146.25,05:59:39,1079,05:59:20,cpgx,2
145.745,25.03,25.02,146.03,05:59:59,1080,05:59:40,cpgx,2
146.03,25.03,25.02,145.745,06:00:19,1081,06:00:00,cpgx,2
146.25,25.03,25.015,145.9,06:00:39,1082,06:00:20,cpgx,2
146.951,25.03,25.01,146.37,06:00:59,1083,06:00:40,cpgx,2
146.94,25.04,25.02,146.99,06:01:19,1084,06:01:00,cpgx,2
147.25,25.04,25.03,146.83,06:01:39,1085,06:01:20,cpgx,2
147.38,25.03,25.01,147.23,06:01:59,1086,06:01:40,cpgx,2
147.5,25.025,25.01,147.358,06:02:19,1087,06:02:00,cpgx,2
148.15,25.05,25.02,147.38,06:02:39,1088,06:02:20,cpgx,2
148.1,25.04,25.0,148.095,06:02:59,1089,06:02:40,cpgx,2
148.275,25.05,25.0,148.07,06:03:19,1090,06:03:00,cpgx,2
148.6,25.01,24.99,148.27,06:03:39,1091,06:03:20,cpgx,2
148.54,25.03,24.98,148.61,06:03:59,1092,06:03:40,cpgx,2
148.424,25.03,24.97,148.553,06:04:19,1093,06:04:00,cpgx,2
148.4,25.03,25.0,148.48,06:04:39,1094,06:04:20,cpgx,2
148.55,25.04,25.01,148.38,06:04:59,1095,06:04:40,cpgx,2
